{"cameraMode":{"drawMode":0,"name":"Shaded","section":"Shading Mode"},"sceneLighting":true,"audioPlay":false,"sceneViewState":{"m_AlwaysRefresh":false,"showFog":true,"showSkybox":true,"showFlares":true,"showImageEffects":true,"showParticleSystems":true,"showVisualEffectGraphs":true,"m_FxEnabled":true},"in2DMode":false,"pivot":{"x":301.66168212890627,"y":597.0951538085938,"z":-377.20855712890627},"rotation":{"x":-0.1149059310555458,"y":-0.025810785591602327,"z":-0.002953857183456421,"w":0.9930752515792847},"size":78.47782135009766,"orthographic":false}